{"cameraMode":{"drawMode":0,"name":"Shaded","section":"Shading Mode"},"sceneLighting":false,"audioPlay":false,"sceneViewState":{"m_AlwaysRefresh":false,"showFog":true,"showSkybox":true,"showFlares":true,"showImageEffects":true,"showParticleSystems":true,"showVisualEffectGraphs":true,"m_FxEnabled":false},"in2DMode":false,"pivot":{"x":0.12247678637504578,"y":2.0485129356384279,"z":5.261381149291992},"rotation":{"x":0.28933995962142947,"y":0.09998422861099243,"z":-0.030402690172195436,"w":0.9515107274055481},"size":1.7085375785827637,"orthographic":false}