{"cameraMode":{"drawMode":0,"name":"Shaded","section":"Shading Mode"},"sceneLighting":false,"audioPlay":false,"sceneViewState":{"m_AlwaysRefresh":false,"showFog":false,"showSkybox":true,"showFlares":true,"showImageEffects":true,"showParticleSystems":true,"showVisualEffectGraphs":true,"m_FxEnabled":true},"in2DMode":false,"pivot":{"x":-103.99877166748047,"y":16.71210289001465,"z":30.242023468017579},"rotation":{"x":-0.013143528252840042,"y":-0.44838955998420718,"z":-0.006559665780514479,"w":0.8937431573867798},"size":6.266026496887207,"orthographic":false}