{"cameraMode":{"drawMode":0,"name":"Shaded","section":"Shading Mode"},"sceneLighting":true,"audioPlay":false,"sceneViewState":{"m_AlwaysRefresh":false,"showFog":false,"showSkybox":true,"showFlares":true,"showImageEffects":true,"showParticleSystems":true,"showVisualEffectGraphs":true,"m_FxEnabled":true},"in2DMode":false,"pivot":{"x":-1.5209555625915528,"y":-1.1125041246414185,"z":-0.632632851600647},"rotation":{"x":-0.03725871816277504,"y":0.9627348184585571,"z":-0.18745993077754975,"w":-0.19134864211082459},"size":11.182668685913086,"orthographic":false}