{"cameraMode":{"drawMode":0,"name":"Shaded","section":"Shading Mode"},"sceneLighting":true,"audioPlay":false,"sceneViewState":{"m_AlwaysRefresh":false,"showFog":true,"showSkybox":true,"showFlares":true,"showImageEffects":true,"showParticleSystems":true,"showVisualEffectGraphs":true,"m_FxEnabled":true},"in2DMode":false,"pivot":{"x":0.019999980926513673,"y":2.0279998779296877,"z":-0.08000040054321289},"rotation":{"x":0.24824394285678864,"y":-0.18888024985790254,"z":0.049417510628700259,"w":0.948819100856781},"size":4.706745147705078,"orthographic":true}