{"cameraMode":{"drawMode":0,"name":"Shaded","section":"Shading Mode"},"sceneLighting":false,"audioPlay":false,"sceneViewState":{"m_AlwaysRefresh":false,"showFog":true,"showSkybox":true,"showFlares":true,"showImageEffects":true,"showParticleSystems":true,"showVisualEffectGraphs":true,"m_FxEnabled":false},"in2DMode":false,"pivot":{"x":-49.04747772216797,"y":-12.267107963562012,"z":23.174480438232423},"rotation":{"x":0.4508698880672455,"y":0.15104712545871736,"z":-0.07771719992160797,"w":0.8762833476066589},"size":31.282306671142579,"orthographic":false}