{"cameraMode":{"drawMode":0,"name":"Shaded","section":"Shading Mode"},"sceneLighting":true,"audioPlay":false,"sceneViewState":{"m_AlwaysRefresh":false,"showFog":true,"showSkybox":true,"showFlares":true,"showImageEffects":true,"showParticleSystems":true,"showVisualEffectGraphs":true,"m_FxEnabled":true},"in2DMode":false,"pivot":{"x":-3.1153993606567385,"y":0.6859169006347656,"z":0.24474048614501954},"rotation":{"x":-0.16447466611862184,"y":-0.8102139234542847,"z":0.2699374854564667,"w":-0.493617981672287},"size":5.6660261154174809,"orthographic":false}