{"cameraMode":{"drawMode":0,"name":"Shaded","section":"Shading Mode"},"sceneLighting":false,"audioPlay":false,"sceneViewState":{"m_AlwaysRefresh":false,"showFog":true,"showSkybox":true,"showFlares":true,"showImageEffects":true,"showParticleSystems":true,"showVisualEffectGraphs":true,"m_FxEnabled":true},"in2DMode":false,"pivot":{"x":-40.99205780029297,"y":2.4125614166259767,"z":28.225927352905275},"rotation":{"x":0.09333502501249314,"y":0.052234627306461337,"z":-0.004888367839157581,"w":0.9942709803581238},"size":1.3133857250213624,"orthographic":false}