{"cameraMode":{"drawMode":0,"name":"Shaded","section":"Shading Mode"},"sceneLighting":false,"audioPlay":false,"sceneViewState":{"m_AlwaysRefresh":false,"showFog":true,"showSkybox":true,"showFlares":true,"showImageEffects":true,"showParticleSystems":true,"showVisualEffectGraphs":true,"m_FxEnabled":true},"in2DMode":false,"pivot":{"x":-36.72298812866211,"y":-5.325497627258301,"z":26.470481872558595},"rotation":{"x":-0.4173711836338043,"y":0.030521497130393983,"z":-0.014027439057826996,"w":-0.9081150889396668},"size":34.665992736816409,"orthographic":false}