{"cameraMode":{"drawMode":0,"name":"Shaded","section":"Shading Mode"},"sceneLighting":false,"audioPlay":false,"sceneViewState":{"m_AlwaysRefresh":false,"showFog":true,"showSkybox":true,"showFlares":true,"showImageEffects":true,"showParticleSystems":true,"showVisualEffectGraphs":true,"m_FxEnabled":true},"in2DMode":false,"pivot":{"x":-4.259234428405762,"y":-13.469950675964356,"z":33.749244689941409},"rotation":{"x":0.3313853144645691,"y":0.014147153124213219,"z":-0.00496988371014595,"w":0.9433798789978027},"size":29.231882095336915,"orthographic":false}