{"cameraMode":{"drawMode":0,"name":"Shaded","section":"Shading Mode"},"sceneLighting":false,"audioPlay":false,"sceneViewState":{"m_AlwaysRefresh":false,"showFog":true,"showSkybox":true,"showFlares":true,"showImageEffects":true,"showParticleSystems":true,"showVisualEffectGraphs":true,"m_FxEnabled":true},"in2DMode":false,"pivot":{"x":-4.259234428405762,"y":-13.469950675964356,"z":33.749244689941409},"rotation":{"x":0.34734028577804568,"y":0.1975906491279602,"z":-0.07512170076370239,"w":0.9136056303977966},"size":29.231882095336915,"orthographic":false}