{"cameraMode":{"drawMode":0,"name":"Shaded","section":"Shading Mode"},"sceneLighting":true,"audioPlay":false,"sceneViewState":{"m_AlwaysRefresh":false,"showFog":true,"showSkybox":true,"showFlares":true,"showImageEffects":true,"showParticleSystems":true,"showVisualEffectGraphs":true,"m_FxEnabled":true},"in2DMode":false,"pivot":{"x":-72.07975006103516,"y":3.6914005279541017,"z":31.400585174560548},"rotation":{"x":0.12731361389160157,"y":0.6837546825408936,"z":-0.12291572242975235,"w":0.7079609632492065},"size":1.4770317077636719,"orthographic":false}