{"cameraMode":{"drawMode":0,"name":"Shaded","section":"Shading Mode"},"sceneLighting":false,"audioPlay":false,"sceneViewState":{"m_AlwaysRefresh":false,"showFog":true,"showSkybox":true,"showFlares":true,"showImageEffects":true,"showParticleSystems":true,"showVisualEffectGraphs":true,"m_FxEnabled":true},"in2DMode":false,"pivot":{"x":-46.4257698059082,"y":1.5202128887176514,"z":20.57245445251465},"rotation":{"x":-0.0012419557897374035,"y":-0.9849839806556702,"z":0.17252729833126069,"w":-0.0070959050208330158},"size":1.9131441116333008,"orthographic":true}