{"cameraMode":{"drawMode":0,"name":"Shaded","section":"Shading Mode"},"sceneLighting":false,"audioPlay":false,"sceneViewState":{"m_AlwaysRefresh":false,"showFog":true,"showSkybox":true,"showFlares":true,"showImageEffects":true,"showParticleSystems":true,"showVisualEffectGraphs":true,"m_FxEnabled":true},"in2DMode":false,"pivot":{"x":-2.2422947883605959,"y":1.8294315338134766,"z":1.0115690231323243},"rotation":{"x":0.15451757609844209,"y":0.8398850560188294,"z":-0.31125301122665408,"w":0.41695448756217959},"size":6.033021926879883,"orthographic":true}