{"cameraMode":{"drawMode":0,"name":"Shaded","section":"Shading Mode"},"sceneLighting":false,"audioPlay":false,"sceneViewState":{"m_AlwaysRefresh":false,"showFog":true,"showSkybox":true,"showFlares":true,"showImageEffects":true,"showParticleSystems":true,"showVisualEffectGraphs":true,"m_FxEnabled":true},"in2DMode":false,"pivot":{"x":-1.7705676555633546,"y":0.6057858467102051,"z":-0.03415793180465698},"rotation":{"x":0.031191296875476838,"y":0.9679287672042847,"z":-0.15402936935424806,"w":0.1960083693265915},"size":5.424745559692383,"orthographic":false}