{"cameraMode":{"drawMode":0,"name":"Shaded","section":"Shading Mode"},"sceneLighting":false,"audioPlay":false,"sceneViewState":{"m_AlwaysRefresh":false,"showFog":true,"showSkybox":true,"showFlares":true,"showImageEffects":true,"showParticleSystems":true,"showVisualEffectGraphs":true,"m_FxEnabled":true},"in2DMode":false,"pivot":{"x":-45.187660217285159,"y":4.154870986938477,"z":25.463825225830079},"rotation":{"x":0.5251013040542603,"y":0.11789047718048096,"z":-0.07373051345348358,"w":0.8396037220954895},"size":5.756618499755859,"orthographic":true}