{"cameraMode":{"drawMode":0,"name":"Shaded","section":"Shading Mode"},"sceneLighting":true,"audioPlay":false,"sceneViewState":{"m_AlwaysRefresh":false,"showFog":true,"showSkybox":true,"showFlares":true,"showImageEffects":true,"showParticleSystems":true,"showVisualEffectGraphs":true,"m_FxEnabled":true},"in2DMode":false,"pivot":{"x":-41.33000183105469,"y":1.2799999713897706,"z":18.170000076293947},"rotation":{"x":0.21363091468811036,"y":0.13780486583709718,"z":-0.030455686151981355,"w":0.9666748642921448},"size":1.2990440130233765,"orthographic":true}