{"cameraMode":{"drawMode":0,"name":"Shaded","section":"Shading Mode"},"sceneLighting":false,"audioPlay":false,"sceneViewState":{"m_AlwaysRefresh":false,"showFog":true,"showSkybox":true,"showFlares":true,"showImageEffects":true,"showParticleSystems":true,"showVisualEffectGraphs":true,"m_FxEnabled":true},"in2DMode":false,"pivot":{"x":-4.160204887390137,"y":1.1195565462112427,"z":0.47008275985717776},"rotation":{"x":0.11718864738941193,"y":0.8662246465682983,"z":-0.24057239294052125,"w":0.42196157574653628},"size":5.263789176940918,"orthographic":true}