{"cameraMode":{"drawMode":0,"name":"Shaded","section":"Shading Mode"},"sceneLighting":false,"audioPlay":false,"sceneViewState":{"m_AlwaysRefresh":false,"showFog":true,"showSkybox":true,"showFlares":true,"showImageEffects":true,"showParticleSystems":true,"showVisualEffectGraphs":true,"m_FxEnabled":true},"in2DMode":false,"pivot":{"x":-3.587527275085449,"y":3.9419589042663576,"z":11.385370254516602},"rotation":{"x":0.32876890897750857,"y":0.3233700692653656,"z":-0.12094242870807648,"w":0.8790485858917236},"size":6.843600749969482,"orthographic":true}