{"cameraMode":{"drawMode":0,"name":"Shaded","section":"Shading Mode"},"sceneLighting":false,"audioPlay":false,"sceneViewState":{"m_AlwaysRefresh":false,"showFog":true,"showSkybox":true,"showFlares":true,"showImageEffects":true,"showParticleSystems":true,"showVisualEffectGraphs":true,"m_FxEnabled":true},"in2DMode":false,"pivot":{"x":-25.000978469848634,"y":1.7244808673858643,"z":28.142972946166993},"rotation":{"x":-0.4104042053222656,"y":0.32678917050361636,"z":-0.16040819883346559,"w":-0.8360909223556519},"size":3.4311695098876955,"orthographic":true}