{"cameraMode":{"drawMode":0,"name":"Shaded","section":"Shading Mode"},"sceneLighting":true,"audioPlay":false,"sceneViewState":{"m_AlwaysRefresh":false,"showFog":true,"showSkybox":true,"showFlares":true,"showImageEffects":true,"showParticleSystems":true,"showVisualEffectGraphs":true,"m_FxEnabled":true},"in2DMode":false,"pivot":{"x":-3.3804473876953127,"y":-29.74634552001953,"z":18.581602096557618},"rotation":{"x":-0.39607569575309756,"y":-0.43565893173217776,"z":0.22201988101005555,"w":-0.7772082090377808},"size":53.80976867675781,"orthographic":true}