{"cameraMode":{"drawMode":0,"name":"Shaded","section":"Shading Mode"},"sceneLighting":true,"audioPlay":false,"sceneViewState":{"m_AlwaysRefresh":false,"showFog":true,"showSkybox":true,"showFlares":true,"showImageEffects":true,"showParticleSystems":true,"showVisualEffectGraphs":true,"m_FxEnabled":false},"in2DMode":false,"pivot":{"x":-25.39675521850586,"y":3.823293685913086,"z":38.665462493896487},"rotation":{"x":0.24470704793930055,"y":-0.11457696557044983,"z":0.0291343592107296,"w":0.9623644351959229},"size":4.5584917068481449,"orthographic":true}